<?xml version="1.0" encoding="UTF-8"?>
<project-private xmlns="http://www.netbeans.org/ns/project-private/1">
    <editor-bookmarks xmlns="http://www.netbeans.org/ns/editor-bookmarks/2" lastBookmarkId="0"/>
    <open-files xmlns="http://www.netbeans.org/ns/projectui-open-files/2">
        <group>
            <file>file:/C:/Users/rilagan/Documents/TS%2520Solution/NSTSCSVIntegrator1/NSTSCSVIBroker/src/Exceptions/invalidcsvData.java</file>
            <file>file:/C:/Users/rilagan/Documents/TS%2520Solution/NSTSCSVIntegrator1/NSTSCSVIBroker/src/controller/WebRequesController.java</file>
        </group>
    </open-files>
</project-private>
